<?xml version="1.0" encoding="UTF-8"?>
<con:soapui-project id="3551e867-37a0-46be-be3d-efa339a02f6f" activeEnvironment="Default" name="api-gateway" soapui-version="5.5.0" abortOnError="false" runType="SEQUENTIAL" resourceRoot="${projectDir}" xmlns:con="http://eviware.com/soapui/config"><con:settings/><con:interface xsi:type="con:RestService" id="edb01527-516b-4687-84b0-0b00c8fb76ee" wadlVersion="http://wadl.dev.java.net/2009/02" name="http://localhost:3000" type="rest" xmlns:xsi="http://www.w3.org/2001/XMLSchema-instance"><con:settings/><con:definitionCache/><con:endpoints><con:endpoint>http://localhost:3000</con:endpoint></con:endpoints><con:resource name="" path="" id="89cc53d5-e499-43aa-ab57-3b85015b9409"><con:settings/><con:parameters/></con:resource><con:resource name="register" path="/api/auth/register" id="5e19a55b-5eee-4d01-bb56-a1747fe90de1"><con:settings/><con:parameters/><con:method name="Method 1" id="30283bf8-7117-403e-9115-9aa83a560981" method="POST"><con:settings/><con:parameters/><con:representation type="REQUEST"><con:mediaType>application/x-www-form-urlencoded</con:mediaType><con:params/></con:representation><con:representation type="RESPONSE"><con:mediaType>text/html; charset=utf-8</con:mediaType><con:status>200</con:status><con:params/><con:element>html</con:element></con:representation><con:request name="Request 1" id="63550a06-4677-4571-9611-c193b8c4c44f" mediaType="application/x-www-form-urlencoded" postQueryString="false"><con:settings><con:setting id="com.eviware.soapui.impl.wsdl.WsdlRequest@request-headers">&lt;xml-fragment/></con:setting></con:settings><con:endpoint>http://localhost:3000</con:endpoint><con:request>grant_type=password&amp;username=test&amp;password=test&amp;email=test@email.com</con:request><con:originalUri>http://localhost/api/auth/register</con:originalUri><con:credentials><con:authType>No Authorization</con:authType></con:credentials><con:jmsConfig JMSDeliveryMode="PERSISTENT"/><con:jmsPropertyConfig/><con:parameters/></con:request></con:method></con:resource></con:interface><con:properties/><con:wssContainer/><con:oAuth2ProfileContainer/><con:oAuth1ProfileContainer/><con:sensitiveInformation/></con:soapui-project>