<?xml version="1.0" encoding="UTF-8"?>
<con:soapui-project id="0df6c9d4-6387-47d5-a5a0-77ed2974a273" activeEnvironment="Default" name="vanroekel API Gatway - Prod" resourceRoot="" soapui-version="5.5.0" abortOnError="false" runType="SEQUENTIAL" xmlns:con="http://eviware.com/soapui/config"><con:settings/><con:interface xsi:type="con:RestService" id="29c10992-1163-4a6b-b5f0-2b146e8e48b5" wadlVersion="http://wadl.dev.java.net/2009/02" name="https://vanroekel-api-gateway.herokuapp.com" type="rest" xmlns:xsi="http://www.w3.org/2001/XMLSchema-instance"><con:settings/><con:definitionCache/><con:endpoints><con:endpoint>https://vanroekel-api-gateway.herokuapp.com</con:endpoint></con:endpoints><con:resource name="" path="" id="0740dcfd-fd40-4e8f-af75-c36e89fdf7d3"><con:settings/><con:parameters/><con:resource name="token" path="/api/auth/token" id="b4a5a6a4-e639-463e-901a-4b87e56a7915"><con:settings/><con:parameters/><con:resource name="login" path="api/auth/login" id="4fc55c10-2a3e-4691-b81a-bc3b9c6a8c02"><con:settings/><con:parameters/><con:method name="Method 1" id="7750f5f4-5fa2-4ec7-b01d-be93b0b828f9" method="POST"><con:settings/><con:parameters/><con:representation type="FAULT"><con:mediaType>text/html; charset=utf-8</con:mediaType><con:status>404</con:status><con:params/><con:element>html</con:element></con:representation><con:representation type="REQUEST"><con:mediaType>application/x-www-form-urlencoded</con:mediaType><con:params/></con:representation><con:request name="Request 1" id="4f0ccbc7-6d7c-42c7-baa9-0c9e66ca9976" mediaType="application/x-www-form-urlencoded" postQueryString="false"><con:settings><con:setting id="com.eviware.soapui.impl.wsdl.WsdlRequest@request-headers">&lt;xml-fragment/></con:setting></con:settings><con:endpoint>https://vanroekel-api-gateway.herokuapp.com</con:endpoint><con:request>grant_type=password&amp;username=Chris&amp;password=christest&amp;email=chris@me.com</con:request><con:originalUri>https://vanroekel-api-gateway.herokuapp.com/api/auth/token/api/auth/login</con:originalUri><con:credentials><con:authType>No Authorization</con:authType></con:credentials><con:jmsConfig JMSDeliveryMode="PERSISTENT"/><con:jmsPropertyConfig/><con:parameters/></con:request></con:method></con:resource><con:method name="Method 1" id="74005f09-ff90-4853-a4d8-a62538f7f5f9" method="GET"><con:settings/><con:parameters/><con:representation type="RESPONSE"><con:mediaType>application/json; charset=utf-8</con:mediaType><con:status>200</con:status><con:params/><con:element xmlns:tok="https://vanroekel-api-gateway.herokuapp.com/api/auth/token">tok:Response</con:element></con:representation><con:request name="Request 1" id="d0093565-f01a-49e7-a78a-02b3ff014d08" mediaType="application/json"><con:settings><con:setting id="com.eviware.soapui.impl.wsdl.WsdlRequest@request-headers">&lt;entry key="x-access-token" value="eyJhbGciOiJIUzI1NiIsInR5cCI6IkpXVCJ9.eyJpZCI6IjVkZjJhYTE2MTcwMTExMDAxN2I4YmY5MSIsImlhdCI6MTU3NjE4NDM0MiwiZXhwIjoxNTc2MjcwNzQyfQ.Xi-hS0IXAnefz84heiseHQiZuKhp3jUPM58IiN9uTlk" xmlns="http://eviware.com/soapui/config"/></con:setting></con:settings><con:endpoint>https://vanroekel-api-gateway.herokuapp.com</con:endpoint><con:request/><con:originalUri>https://vanroekel-api-gateway.herokuapp.com/api/auth/token</con:originalUri><con:credentials><con:authType>No Authorization</con:authType></con:credentials><con:jmsConfig JMSDeliveryMode="PERSISTENT"/><con:jmsPropertyConfig/><con:parameters/></con:request></con:method></con:resource><con:resource name="login" path="/api/auth/login" id="1e17cb92-4363-4dc2-8233-fb7bd19fd3ee"><con:settings/><con:parameters/><con:method name="Method 1" id="c58363c9-4cc9-4579-9e31-9197b2034dd4" method="POST"><con:settings/><con:parameters/><con:representation type="REQUEST"><con:mediaType>application/x-222-form-urlencoded</con:mediaType><con:params/></con:representation><con:representation type="FAULT"><con:mediaType>text/html; charset=utf-8</con:mediaType><con:status>404</con:status><con:params/><con:element>html</con:element></con:representation><con:request name="Request 1" id="b46abc31-ebfd-4a67-a43d-38c5107cf707" mediaType="application/x-222-form-urlencoded" postQueryString="false"><con:settings><con:setting id="com.eviware.soapui.impl.wsdl.WsdlRequest@request-headers">&lt;xml-fragment/></con:setting></con:settings><con:endpoint>https://vanroekel-api-gateway.herokuapp.com</con:endpoint><con:request>grant_type=password&amp;username=Chris&amp;password=christest&amp;email=chris@me.com</con:request><con:originalUri>https://vanroekel-api-gateway.herokuapp.com/api/auth/login</con:originalUri><con:credentials><con:authType>No Authorization</con:authType></con:credentials><con:jmsConfig JMSDeliveryMode="PERSISTENT"/><con:jmsPropertyConfig/><con:parameters/></con:request></con:method></con:resource><con:resource name="login" path="/api/auth/login" id="bb41eae1-a953-41d9-8765-ed86231eca92"><con:settings/><con:parameters/><con:method name="Method 1" id="da425bdf-bbbd-44c3-bc96-08d97369daa1" method="GET"><con:settings/><con:parameters/><con:request name="Request 1" id="6de4e950-e2ba-4a9f-a6c7-0e813e21387c" mediaType="application/json"><con:settings/><con:endpoint>https://vanroekel-api-gateway.herokuapp.com</con:endpoint><con:request/><con:credentials><con:authType>No Authorization</con:authType></con:credentials><con:jmsConfig JMSDeliveryMode="PERSISTENT"/><con:jmsPropertyConfig/><con:parameters/></con:request></con:method></con:resource><con:resource name="login" path="/api/auth/login" id="d2c0587e-505a-4cee-8466-8419ae3b9835"><con:settings/><con:parameters/><con:method name="Method 1" id="cd1994f3-e26a-4b87-886c-43313917d2a5" method="POST"><con:settings/><con:parameters/><con:representation type="REQUEST"><con:mediaType>application/x-www-form-urlencoded</con:mediaType><con:params/></con:representation><con:representation type="FAULT"><con:mediaType>text/html; charset=utf-8</con:mediaType><con:status>404</con:status><con:params/><con:element>html</con:element></con:representation><con:request name="Request 1" id="6ca92351-a43a-4a5e-9154-c522f8252e07" mediaType="application/x-www-form-urlencoded" postQueryString="false"><con:settings><con:setting id="com.eviware.soapui.impl.wsdl.WsdlRequest@request-headers">&lt;xml-fragment/></con:setting></con:settings><con:endpoint>https://vanroekel-api-gateway.herokuapp.com</con:endpoint><con:request>grant_type=password&amp;username=Chris&amp;password=christest@email=chris@me.com</con:request><con:originalUri>https://vanroekel-api-gateway.herokuapp.com/api/auth/login</con:originalUri><con:credentials><con:authType>No Authorization</con:authType></con:credentials><con:jmsConfig JMSDeliveryMode="PERSISTENT"/><con:jmsPropertyConfig/><con:parameters/></con:request></con:method></con:resource><con:resource name="login" path="/api/auth/login" id="0b3b712f-fbdf-4aa7-ba4c-acf69e7dcd8a"><con:settings/><con:parameters/><con:method name="Method 1" id="016b8661-f251-4d88-9b8d-7aac0bea9343" method="POST"><con:settings/><con:parameters/><con:representation type="REQUEST"><con:mediaType>application/x-www-form-urlencoded</con:mediaType><con:params/></con:representation><con:representation type="FAULT"><con:mediaType>text/html; charset=utf-8</con:mediaType><con:status>404</con:status><con:params/><con:element>html</con:element></con:representation><con:request name="Request 1" id="f53a6dba-23bc-4b2b-8a17-3dc61be250fa" mediaType="application/x-www-form-urlencoded" postQueryString="false"><con:settings><con:setting id="com.eviware.soapui.impl.wsdl.WsdlRequest@request-headers">&lt;xml-fragment/></con:setting></con:settings><con:endpoint>https://vanroekel-api-gateway.herokuapp.com</con:endpoint><con:request>grant_type=password&amp;username=Larry&amp;password=larrytest&amp;email=larry@me.com</con:request><con:originalUri>https://vanroekel-api-gateway.herokuapp.com/api/auth/login</con:originalUri><con:credentials><con:authType>No Authorization</con:authType></con:credentials><con:jmsConfig JMSDeliveryMode="PERSISTENT"/><con:jmsPropertyConfig/><con:parameters/></con:request></con:method></con:resource><con:resource name="logout" path="/api/auth/logout" id="ec285900-00d6-428b-8f7c-c3a862916872"><con:settings/><con:parameters/><con:method name="Method 1" id="41e90183-e30f-4143-8b0c-8f62a81db704" method="GET"><con:settings/><con:parameters/><con:representation type="RESPONSE"><con:mediaType>application/json; charset=utf-8</con:mediaType><con:status>200</con:status><con:params/><con:element xmlns:log="https://vanroekel-api-gateway.herokuapp.com/api/auth/logout">log:Response</con:element></con:representation><con:request name="Request 1" id="d93bdfae-c02a-490c-9c76-48a0ab49256a" mediaType="application/json"><con:settings><con:setting id="com.eviware.soapui.impl.wsdl.WsdlRequest@request-headers">&lt;xml-fragment/></con:setting></con:settings><con:endpoint>https://vanroekel-api-gateway.herokuapp.com</con:endpoint><con:request/><con:originalUri>https://vanroekel-api-gateway.herokuapp.com/api/auth/logout</con:originalUri><con:credentials><con:authType>No Authorization</con:authType></con:credentials><con:jmsConfig JMSDeliveryMode="PERSISTENT"/><con:jmsPropertyConfig/><con:parameters/></con:request></con:method></con:resource></con:resource><con:resource name="register" path="/api/auth/register" id="19919172-c871-487b-bdb1-bde657b236f8"><con:settings/><con:parameters/><con:resource name="login" path="api/auth/login" id="63ad7848-3259-4dc1-b49d-c6c2e0ebee71"><con:settings/><con:parameters/><con:method name="Method 1" id="93b8fab5-320b-4af6-bd42-e0e271774d59" method="POST"><con:settings/><con:parameters/><con:representation type="FAULT"><con:mediaType>text/html; charset=utf-8</con:mediaType><con:status>404</con:status><con:params/><con:element>html</con:element></con:representation><con:representation type="REQUEST"><con:mediaType>application/x-www-form-urlencoded</con:mediaType><con:params/></con:representation><con:request name="Request 1" id="67b6ebf6-b48d-4409-be2b-8877d0851fa4" mediaType="application/x-www-form-urlencoded" postQueryString="false"><con:settings><con:setting id="com.eviware.soapui.impl.wsdl.WsdlRequest@request-headers">&lt;xml-fragment/></con:setting></con:settings><con:endpoint>https://vanroekel-api-gateway.herokuapp.com</con:endpoint><con:request>grant_type=password&amp;username=Chris&amp;password=christest@email=chris@me.com</con:request><con:originalUri>https://vanroekel-api-gateway.herokuapp.com/api/auth/register/api/auth/login</con:originalUri><con:credentials><con:authType>No Authorization</con:authType></con:credentials><con:jmsConfig JMSDeliveryMode="PERSISTENT"/><con:jmsPropertyConfig/><con:parameters/></con:request></con:method></con:resource><con:method name="Method 1" id="82867974-5776-440e-8dad-da8b6130c8ea" method="POST"><con:settings/><con:parameters/><con:representation type="RESPONSE"><con:mediaType>application/json; charset=utf-8</con:mediaType><con:status>200</con:status><con:params/><con:element xmlns:reg="https://vanroekel-api-gateway.herokuapp.com/api/auth/register">reg:Response</con:element></con:representation><con:representation type="REQUEST"><con:mediaType>application/x-www-form-urlencoded</con:mediaType><con:params/></con:representation><con:request name="Request 1" id="269737ef-ff04-405e-b957-c298482ae308" mediaType="application/x-www-form-urlencoded" postQueryString="false"><con:settings><con:setting id="com.eviware.soapui.impl.wsdl.WsdlRequest@request-headers">&lt;xml-fragment/></con:setting></con:settings><con:endpoint>https://vanroekel-api-gateway.herokuapp.com</con:endpoint><con:request>grant_type=password&amp;username=Chris&amp;password=christest&amp;email=chris@me.com</con:request><con:originalUri>https://vanroekel-api-gateway.herokuapp.com/api/auth/register</con:originalUri><con:credentials><con:authType>No Authorization</con:authType></con:credentials><con:jmsConfig JMSDeliveryMode="PERSISTENT"/><con:jmsPropertyConfig/><con:parameters/></con:request></con:method></con:resource></con:interface><con:interface xsi:type="con:RestService" id="6c3af76f-11b6-4e57-8ad6-c8d8bd23669e" wadlVersion="http://wadl.dev.java.net/2009/02" name="" type="rest" xmlns:xsi="http://www.w3.org/2001/XMLSchema-instance"><con:settings/><con:definitionCache/><con:endpoints/><con:resource name="Login" path="/api/auth/login" id="47fb5eb4-f201-41e8-9f54-b1965ff2d506"><con:settings/><con:parameters/><con:method name="Login 1" id="76437de1-ff56-4796-bf2a-a238cf10f987" method="POST"><con:settings/><con:parameters/><con:representation type="FAULT"><con:mediaType>text/html; charset=utf-8</con:mediaType><con:status>404</con:status><con:params/><con:element>html</con:element></con:representation><con:representation type="REQUEST"><con:mediaType>application/x-www-form-urlencoded</con:mediaType><con:params/></con:representation><con:request name="Request 1" id="6e554a4f-a2f2-4040-b0ea-e68dfc32265a" mediaType="application/x-www-form-urlencoded" postQueryString="false"><con:settings><con:setting id="com.eviware.soapui.impl.wsdl.WsdlRequest@request-headers">&lt;xml-fragment/></con:setting></con:settings><con:endpoint>http://localhost:3000</con:endpoint><con:request>grant_type=password&amp;username=Chris&amp;password=christest@email=chris@me.com</con:request><con:originalUri>http://localhost/api/auth/login</con:originalUri><con:credentials><con:authType>No Authorization</con:authType></con:credentials><con:jmsConfig JMSDeliveryMode="PERSISTENT"/><con:jmsPropertyConfig/><con:parameters/></con:request></con:method></con:resource></con:interface><con:properties/><con:wssContainer/><con:oAuth2ProfileContainer/><con:oAuth1ProfileContainer/><con:sensitiveInformation/></con:soapui-project>