<?xml version="1.0" encoding="UTF-8"?>
<con:soapui-project id="f21a4aea-33e9-4496-89c8-7a06951b64e0" activeEnvironment="Default" name="API Gateway" soapui-version="5.5.0" abortOnError="false" runType="SEQUENTIAL" xmlns:con="http://eviware.com/soapui/config"><con:settings/><con:interface xsi:type="con:RestService" id="64e78155-1b5b-4b49-9124-0d65ccf66728" wadlVersion="http://wadl.dev.java.net/2009/02" name="http://localhost:3000" type="rest" xmlns:xsi="http://www.w3.org/2001/XMLSchema-instance"><con:settings/><con:definitionCache type="TEXT" rootPart=""/><con:endpoints><con:endpoint>http://localhost:3000</con:endpoint></con:endpoints><con:resource name="" path="" id="3055a87f-3e34-4989-bdec-d1be95232932"><con:settings/><con:parameters/><con:resource name="register" path="/auth/api/register" id="a79f4710-9ecc-4486-82e0-11f883df4f67"><con:settings/><con:parameters/><con:method name="Method 1" id="ff2eaf59-63e5-44f1-948e-f43daeed1293" method="POST"><con:settings/><con:parameters/><con:representation type="REQUEST"><con:mediaType>application/x-www-form-urlencoded</con:mediaType><con:params/></con:representation><con:representation type="FAULT"><con:mediaType>text/html; charset=utf-8</con:mediaType><con:status>404</con:status><con:params/><con:element>html</con:element></con:representation><con:request name="Request 1" id="c0bd00d1-0722-4979-b5a7-44924874a0ae" mediaType="application/x-www-form-urlencoded" postQueryString="false"><con:settings><con:setting id="com.eviware.soapui.impl.wsdl.WsdlRequest@request-headers">&lt;xml-fragment/></con:setting></con:settings><con:endpoint>http://localhost:3000</con:endpoint><con:request>grant_type=password&amp;username=fvanroekel&amp;password=test&amp;email=faye@email.com</con:request><con:originalUri>http://localhost/auth/api/register</con:originalUri><con:credentials><con:authType>No Authorization</con:authType></con:credentials><con:jmsConfig JMSDeliveryMode="PERSISTENT"/><con:jmsPropertyConfig/><con:parameters/></con:request></con:method></con:resource><con:resource name="logout" path="/api/auth/logout" id="85f09559-71bf-442f-bdcd-d4eaa04fe486"><con:settings/><con:parameters/><con:method name="Method 1" id="c6b75a99-1001-4ed9-afd7-d7c94e40502b" method="GET"><con:settings/><con:parameters/><con:representation type="RESPONSE"><con:mediaType xsi:nil="true"/><con:status>0</con:status><con:params/><con:element>data</con:element></con:representation><con:request name="Request 1" id="337490be-164a-4f59-a5ad-e279907c6c9c" mediaType="application/json"><con:settings><con:setting id="com.eviware.soapui.impl.wsdl.WsdlRequest@request-headers">&lt;xml-fragment/></con:setting></con:settings><con:endpoint>http://localhost:3000</con:endpoint><con:request/><con:originalUri>http://localhost/api/auth/logout</con:originalUri><con:credentials><con:authType>No Authorization</con:authType></con:credentials><con:jmsConfig JMSDeliveryMode="PERSISTENT"/><con:jmsPropertyConfig/><con:parameters/></con:request></con:method></con:resource></con:resource></con:interface><con:interface xsi:type="con:RestService" id="da82ac56-558d-4b3d-a66e-04fcfc140c3d" wadlVersion="http://wadl.dev.java.net/2009/02" name="http://localhost:3000" type="rest" xmlns:xsi="http://www.w3.org/2001/XMLSchema-instance"><con:settings/><con:definitionCache/><con:endpoints><con:endpoint>http://localhost:3000</con:endpoint></con:endpoints><con:resource name="" path="" id="43e0dd8e-c092-4997-b2ee-07a431547cbc"><con:settings/><con:parameters/><con:resource name="register" path="/api/auth/login" id="86c898fb-069c-4051-ba57-5420e4bd6f0f"><con:settings/><con:parameters/><con:method name="Method 1" id="c968225d-6947-4313-8474-793a75dfddea" method="POST"><con:settings/><con:parameters/><con:representation type="REQUEST"><con:mediaType>application/x-www-form-urlencoded</con:mediaType><con:params/></con:representation><con:representation type="FAULT"><con:mediaType>text/html; charset=utf-8</con:mediaType><con:status>404</con:status><con:params/><con:element>html</con:element></con:representation><con:representation type="FAULT"><con:mediaType>application/json; charset=utf-8</con:mediaType><con:status>401</con:status><con:params/><con:element xmlns:log="http://localhost/api/auth/login">log:Fault</con:element></con:representation><con:request name="Request 1" id="8b7b7cc6-976c-4c8b-b56a-7eed39a1e7c1" mediaType="application/x-www-form-urlencoded" postQueryString="false"><con:settings><con:setting id="com.eviware.soapui.impl.wsdl.WsdlRequest@request-headers">&lt;xml-fragment/></con:setting></con:settings><con:endpoint>http://localhost:3000</con:endpoint><con:request>grant_type=password&amp;username=test&amp;password=$2a$08$sHRo2SBg1MCo9YE5YetWDOlFR.1N4WHGQ5FFdOnS5L89jH.YJglEa&amp;email=test@test.com</con:request><con:originalUri>http://localhost/api/auth/login</con:originalUri><con:credentials><con:authType>No Authorization</con:authType></con:credentials><con:jmsConfig JMSDeliveryMode="PERSISTENT"/><con:jmsPropertyConfig/><con:parameters/></con:request></con:method></con:resource><con:resource name="login" path="/api/auth/login" id="86f8959f-218e-4478-b66c-129725d1de81"><con:settings/><con:parameters/><con:method name="Method 1" id="fe69e79e-14d8-4d9b-9d41-bf001df3780a" method="POST"><con:settings/><con:parameters/><con:representation type="REQUEST"><con:mediaType>application/x-www-form-urlencoded</con:mediaType><con:params/></con:representation><con:representation type="FAULT"><con:mediaType>application/json; charset=utf-8</con:mediaType><con:status>401</con:status><con:params/><con:element xmlns:log="http://localhost/api/auth/login">log:Fault</con:element></con:representation><con:request name="Request 1" id="8809d0e7-761d-4aef-b968-94b0bd25534b" mediaType="application/x-www-form-urlencoded" postQueryString="false"><con:settings><con:setting id="com.eviware.soapui.impl.wsdl.WsdlRequest@request-headers">&lt;xml-fragment/></con:setting></con:settings><con:endpoint>http://localhost:3000</con:endpoint><con:request>grant_type=password&amp;username=fayetest&amp;password=admin&amp;email=faye@test.com</con:request><con:originalUri>http://localhost/api/auth/login</con:originalUri><con:credentials><con:authType>No Authorization</con:authType></con:credentials><con:jmsConfig JMSDeliveryMode="PERSISTENT"/><con:jmsPropertyConfig/><con:parameters/></con:request></con:method></con:resource><con:resource name="logout" path="/api/auth/logout" id="47c05b77-81a7-4c64-8320-8ec9d283a737"><con:settings/><con:parameters/><con:method name="Method 1" id="e6be20d8-74f1-4cf3-b1b8-e82646c547ba" method="GET"><con:settings/><con:parameters/><con:representation type="RESPONSE"><con:mediaType>application/json; charset=utf-8</con:mediaType><con:status>200</con:status><con:params/><con:element xmlns:log="http://localhost/api/auth/logout">log:Response</con:element></con:representation><con:request name="Request 1" id="99badb6b-c750-47e4-ad2a-f783428878e3" mediaType="application/json"><con:settings><con:setting id="com.eviware.soapui.impl.wsdl.WsdlRequest@request-headers">&lt;xml-fragment/></con:setting></con:settings><con:endpoint>http://localhost:3000</con:endpoint><con:request/><con:originalUri>http://localhost/api/auth/logout</con:originalUri><con:credentials><con:authType>No Authorization</con:authType></con:credentials><con:jmsConfig JMSDeliveryMode="PERSISTENT"/><con:jmsPropertyConfig/><con:parameters/></con:request></con:method></con:resource></con:resource></con:interface><con:interface xsi:type="con:RestService" id="b4538bb7-b6cc-4492-a048-a0884c594a5c" wadlVersion="http://wadl.dev.java.net/2009/02" name="http://localhost:3000" type="rest" xmlns:xsi="http://www.w3.org/2001/XMLSchema-instance"><con:settings/><con:definitionCache/><con:endpoints><con:endpoint>http://localhost:3000</con:endpoint></con:endpoints><con:resource name="" path="" id="dfcab8e5-bbde-472c-9694-2c8672522b5a"><con:settings/><con:parameters/><con:resource name="register" path="/auth/api/register" id="f90f4e28-0697-41f2-a313-a3e259c14dc6"><con:settings/><con:parameters/><con:method name="Method 1" id="b748c4d3-2c44-496e-9eba-1bf7b6aa468e" method="POST"><con:settings/><con:parameters/><con:representation type="REQUEST"><con:mediaType>application/x-www-form-urlencoded</con:mediaType><con:params/></con:representation><con:representation type="FAULT"><con:mediaType>text/html; charset=utf-8</con:mediaType><con:status>404</con:status><con:params/><con:element>html</con:element></con:representation><con:request name="Request 1" id="0c0fc96a-7e0f-4d0a-9838-f4f3f3d405d1" mediaType="application/x-www-form-urlencoded" postQueryString="false"><con:settings><con:setting id="com.eviware.soapui.impl.wsdl.WsdlRequest@request-headers">&lt;xml-fragment/></con:setting></con:settings><con:endpoint>http://localhost:3000</con:endpoint><con:request>grant_type=password&amp;username=fayetest&amp;password=admin&amp;email=faye@test.com</con:request><con:originalUri>http://localhost/auth/api/register</con:originalUri><con:credentials><con:authType>No Authorization</con:authType></con:credentials><con:jmsConfig JMSDeliveryMode="PERSISTENT"/><con:jmsPropertyConfig/><con:parameters/></con:request></con:method></con:resource><con:resource name="register" path="/auth/api/register" id="bb818f92-5f3b-4266-85b6-f102a575e048"><con:settings/><con:parameters/><con:method name="Method 1" id="a9fffbfa-79b8-43ca-97a0-31ed79dad82b" method="POST"><con:settings/><con:parameters/><con:representation type="REQUEST"><con:mediaType>application/x-www-form-urlencoded</con:mediaType><con:params/></con:representation><con:representation type="FAULT"><con:mediaType>text/html; charset=utf-8</con:mediaType><con:status>404</con:status><con:params/><con:element>html</con:element></con:representation><con:request name="Request 1" id="18d82c52-11fd-46cf-a2f3-3e3eba15faa9" mediaType="application/x-www-form-urlencoded" postQueryString="false"><con:settings><con:setting id="com.eviware.soapui.impl.wsdl.WsdlRequest@request-headers">&lt;xml-fragment/></con:setting></con:settings><con:endpoint>http://localhost:3000</con:endpoint><con:request>grant_type=password&amp;username=test2=password=testing&amp;email=test@test.com</con:request><con:originalUri>http://localhost/auth/api/register</con:originalUri><con:credentials><con:authType>No Authorization</con:authType></con:credentials><con:jmsConfig JMSDeliveryMode="PERSISTENT"/><con:jmsPropertyConfig/><con:parameters/></con:request></con:method></con:resource><con:resource name="token" path="/api/auth/token" id="bf8379a4-c1dd-4c32-9fb9-8950089b107f"><con:settings/><con:parameters/><con:method name="Method 1" id="d1abf13c-4377-4b65-b94e-e6cbbef96b6f" method="GET"><con:settings/><con:parameters/><con:representation type="FAULT"><con:mediaType>application/json; charset=utf-8</con:mediaType><con:status>500</con:status><con:params/><con:element xmlns:tok="http://localhost/api/auth/token">tok:Fault</con:element></con:representation><con:request name="Request 1" id="5a62e6e4-fddd-40a3-be94-e993b216d6bb" mediaType="application/json"><con:settings><con:setting id="com.eviware.soapui.impl.wsdl.WsdlRequest@request-headers">&lt;entry key="x-access-token" value="eyJhbGciOiJIUzT1NiTsInR5cCI6IkXVCJ9." xmlns="http://eviware.com/soapui/config"/></con:setting></con:settings><con:endpoint>http://localhost:3000</con:endpoint><con:request/><con:originalUri>http://localhost/api/auth/token</con:originalUri><con:credentials><con:authType>No Authorization</con:authType></con:credentials><con:jmsConfig JMSDeliveryMode="PERSISTENT"/><con:jmsPropertyConfig/><con:parameters/></con:request></con:method></con:resource><con:resource name="login" path="/api/auth/login" id="79e1fa66-2897-4c4f-aeb6-6716a1396bc5"><con:settings/><con:parameters/><con:method name="Method 1" id="eff28d13-59a5-4712-87eb-147ec6da384e" method="POST"><con:settings/><con:parameters/><con:representation type="REQUEST"><con:mediaType>application/x-www-form-urlencoded</con:mediaType><con:params/></con:representation><con:representation type="FAULT"><con:mediaType>application/json; charset=utf-8</con:mediaType><con:status>401</con:status><con:params/><con:element xmlns:log="http://localhost/api/auth/login">log:Fault</con:element></con:representation><con:request name="Request 1" id="90a5ab3c-19ef-437e-91d4-872b29be6b30" mediaType="application/x-www-form-urlencoded" postQueryString="false"><con:settings><con:setting id="com.eviware.soapui.impl.wsdl.WsdlRequest@request-headers">&lt;xml-fragment/></con:setting></con:settings><con:endpoint>http://localhost:3000</con:endpoint><con:request>grant_type=password&amp;username=fayetest&amp;password=admin&amp;email=faye@test.com</con:request><con:originalUri>http://localhost/api/auth/login</con:originalUri><con:credentials><con:authType>No Authorization</con:authType></con:credentials><con:jmsConfig JMSDeliveryMode="PERSISTENT"/><con:jmsPropertyConfig/><con:parameters/></con:request></con:method></con:resource><con:resource name="logout" path="/api/auth/logout" id="9e5a991c-8bd9-4eec-b439-6ab22c096077"><con:settings/><con:parameters/><con:method name="Method 1" id="793ff0f2-cf82-4850-84b0-628c42af739d" method="GET"><con:settings/><con:parameters/><con:representation type="RESPONSE"><con:mediaType>application/json; charset=utf-8</con:mediaType><con:status>200</con:status><con:params/><con:element xmlns:log="http://localhost/api/auth/logout">log:Response</con:element></con:representation><con:request name="Request 1" id="f35400f2-fd69-4c5a-a0cb-42d476c63fc6" mediaType="application/json"><con:settings><con:setting id="com.eviware.soapui.impl.wsdl.WsdlRequest@request-headers">&lt;xml-fragment/></con:setting></con:settings><con:endpoint>http://localhost:3000</con:endpoint><con:request/><con:originalUri>http://localhost/api/auth/logout</con:originalUri><con:credentials><con:authType>No Authorization</con:authType></con:credentials><con:jmsConfig JMSDeliveryMode="PERSISTENT"/><con:jmsPropertyConfig/><con:parameters/></con:request></con:method></con:resource></con:resource></con:interface><con:properties/><con:wssContainer/><con:oAuth2ProfileContainer/><con:oAuth1ProfileContainer/><con:sensitiveInformation/></con:soapui-project>