<?xml version="1.0" encoding="UTF-8"?>
<con:soapui-project id="1fef5fc7-49b5-4eb0-83f7-9dc32899ce2e" activeEnvironment="Default" name="API Gateway Second Project" soapui-version="5.5.0" xmlns:con="http://eviware.com/soapui/config"><con:settings/><con:interface xsi:type="con:RestService" id="3036135b-ba25-41a8-8e85-fbf02e97bc2c" wadlVersion="http://wadl.dev.java.net/2009/02" name="http://localhost:3000" type="rest" xmlns:xsi="http://www.w3.org/2001/XMLSchema-instance"><con:settings/><con:definitionCache type="TEXT"/><con:endpoints><con:endpoint>http://localhost:3000</con:endpoint></con:endpoints><con:resource name="" path="" id="ab602fef-c299-47ad-8b7f-f49780b9401e"><con:settings/><con:parameters><con:parameter><con:name>x-access-token</con:name><con:value/><con:style>QUERY</con:style><con:default/><con:description xsi:nil="true"/></con:parameter></con:parameters><con:resource name="register" path="/auth/api/register" id="f64c42ca-ba95-4348-98eb-7450017ff0b8"><con:settings/><con:parameters/><con:method name="Method 1" id="efff2651-2308-4723-9d5a-647cd94c26f3" method="POST"><con:settings/><con:parameters/><con:representation type="FAULT"><con:mediaType>text/html; charset=utf-8</con:mediaType><con:status>404</con:status><con:params/><con:element>html</con:element></con:representation><con:representation type="REQUEST"><con:mediaType>application/x-form-urlencoded</con:mediaType><con:params/></con:representation><con:request name="Request 1" id="7209f52b-bf44-4aba-ba46-6b8009c32137" mediaType="application/x-form-urlencoded" postQueryString="false"><con:settings><con:setting id="com.eviware.soapui.impl.wsdl.WsdlRequest@request-headers">&lt;xml-fragment/></con:setting></con:settings><con:endpoint>http://localhost:3000</con:endpoint><con:request>grant_type=password&amp;username=Faye&amp;password=test&amp;email=Faye@email.com</con:request><con:originalUri>http://localhost/auth/api/register</con:originalUri><con:credentials><con:authType>No Authorization</con:authType></con:credentials><con:jmsConfig JMSDeliveryMode="PERSISTENT"/><con:jmsPropertyConfig/><con:parameters/></con:request></con:method></con:resource><con:resource name="token" path="/api/auth/token" id="6cc37ded-57d5-4a8f-a798-6d99adf9664d"><con:settings/><con:parameters/><con:method name="Method 1" id="8539547a-2916-46ba-b7c1-83a33a3e65ac" method="GET"><con:settings/><con:parameters/><con:request name="Request 1" id="661162e5-5bc4-407d-b780-0bb9e4831f49" mediaType="application/json"><con:settings><con:setting id="com.eviware.soapui.impl.wsdl.WsdlRequest@request-headers">&lt;entry key="x-access-token" value="ealskakoiealr ka;fjiasdakeraksj fia lasjdl" xmlns="http://eviware.com/soapui/config"/></con:setting></con:settings><con:endpoint>http://localhost:3000</con:endpoint><con:request/><con:credentials><con:authType>No Authorization</con:authType></con:credentials><con:jmsConfig JMSDeliveryMode="PERSISTENT"/><con:jmsPropertyConfig/><con:parameters/></con:request></con:method></con:resource></con:resource><con:inferredSchema><![CDATA[<?xml version="1.0" encoding="UTF-8"?>
<inf:schema xmlns:inf="http://www.eviware.com/soapui/InferredSchema"><inf:namespace>http://localhost</inf:namespace><inf:particle xsi:type="inf:ElementParticle" xmlns:xsi="http://www.w3.org/2001/XMLSchema-instance"><inf:name>html</inf:name><inf:type xsi:type="inf:TypeReference"><inf:reference xmlns:loc="http://localhost">loc:_html</inf:reference></inf:type></inf:particle><inf:prefix key="http://www.w3.org/2001/XMLSchema" value="xs"/><inf:complexType><inf:completed>true</inf:completed><inf:mixed>false</inf:mixed><inf:name>_html</inf:name><inf:content xsi:type="inf:SequenceContent" xmlns:xsi="http://www.w3.org/2001/XMLSchema-instance"><inf:completed>true</inf:completed><inf:particle xsi:type="inf:ElementParticle"><inf:name>head</inf:name><inf:type xsi:type="inf:TypeReference"><inf:reference xmlns:loc="http://localhost">loc:html_head</inf:reference></inf:type></inf:particle><inf:particle xsi:type="inf:ElementParticle"><inf:name>body</inf:name><inf:type xsi:type="inf:TypeReference"><inf:reference xmlns:loc="http://localhost">loc:html_body</inf:reference></inf:type></inf:particle><inf:comesBefore qname="loc:body" xmlns:loc="http://localhost"/><inf:comesBefore qname="loc:head" xmlns:loc="http://localhost"><inf:other>loc:body</inf:other></inf:comesBefore></inf:content></inf:complexType><inf:complexType><inf:completed>true</inf:completed><inf:mixed>false</inf:mixed><inf:name>head_meta</inf:name><inf:attribute xsi:type="inf:AttributeParticle" xmlns:xsi="http://www.w3.org/2001/XMLSchema-instance"><inf:name>name</inf:name><inf:type xsi:type="inf:SimpleType"><inf:completed>false</inf:completed><inf:typeName>string</inf:typeName></inf:type></inf:attribute><inf:attribute xsi:type="inf:AttributeParticle" xmlns:xsi="http://www.w3.org/2001/XMLSchema-instance"><inf:name>content</inf:name><inf:type xsi:type="inf:SimpleType"><inf:completed>false</inf:completed><inf:typeName>string</inf:typeName></inf:type></inf:attribute><inf:content xsi:type="inf:EmptyContent" xmlns:xsi="http://www.w3.org/2001/XMLSchema-instance"><inf:completed>true</inf:completed></inf:content></inf:complexType><inf:complexType><inf:completed>true</inf:completed><inf:mixed>false</inf:mixed><inf:name>html_body</inf:name><inf:content xsi:type="inf:SequenceContent" xmlns:xsi="http://www.w3.org/2001/XMLSchema-instance"><inf:completed>true</inf:completed><inf:particle xsi:type="inf:ElementParticle"><inf:name>h1</inf:name><inf:type xsi:type="inf:SimpleType"><inf:completed>false</inf:completed><inf:typeName>string</inf:typeName></inf:type></inf:particle><inf:particle xsi:type="inf:ElementParticle"><inf:name>h2</inf:name><inf:type xsi:type="inf:SimpleType"><inf:completed>false</inf:completed><inf:typeName>positiveInteger</inf:typeName></inf:type></inf:particle><inf:particle xsi:type="inf:ElementParticle"><inf:name>pre</inf:name><inf:type xsi:type="inf:SimpleType"><inf:completed>false</inf:completed><inf:typeName>string</inf:typeName></inf:type></inf:particle><inf:comesBefore qname="loc:h2" xmlns:loc="http://localhost"><inf:other>loc:pre</inf:other></inf:comesBefore><inf:comesBefore qname="loc:h1" xmlns:loc="http://localhost"><inf:other>loc:h2</inf:other><inf:other>loc:pre</inf:other></inf:comesBefore><inf:comesBefore qname="loc:pre" xmlns:loc="http://localhost"/></inf:content></inf:complexType><inf:complexType><inf:completed>true</inf:completed><inf:mixed>false</inf:mixed><inf:name>html_head</inf:name><inf:content xsi:type="inf:SequenceContent" xmlns:xsi="http://www.w3.org/2001/XMLSchema-instance"><inf:completed>true</inf:completed><inf:particle xsi:type="inf:ElementParticle"><inf:name>meta</inf:name><inf:type xsi:type="inf:TypeReference"><inf:reference xmlns:loc="http://localhost">loc:head_meta</inf:reference></inf:type></inf:particle><inf:particle xsi:type="inf:ElementParticle"><inf:name>title</inf:name><inf:type xsi:type="inf:EmptyType"><inf:completed>true</inf:completed></inf:type></inf:particle><inf:comesBefore qname="loc:title" xmlns:loc="http://localhost"/><inf:comesBefore qname="loc:meta" xmlns:loc="http://localhost"><inf:other>loc:title</inf:other></inf:comesBefore></inf:content></inf:complexType></inf:schema>]]></con:inferredSchema></con:interface><con:interface xsi:type="con:RestService" id="915b274f-6430-4302-907e-9679ba5d4bd8" wadlVersion="http://wadl.dev.java.net/2009/02" name="http://localhost:3000" type="rest" xmlns:xsi="http://www.w3.org/2001/XMLSchema-instance"><con:settings/><con:definitionCache/><con:endpoints><con:endpoint>http://localhost:3000</con:endpoint></con:endpoints><con:resource name="" path="" id="63be247c-2937-4e53-bbd1-e064b27e37ae"><con:settings/><con:parameters/><con:resource name="register" path="/auth/api/register" id="1d3f6475-26af-4f4a-bb82-3de08816f009"><con:settings/><con:parameters/><con:method name="Method 1" id="bab93614-2e09-4489-92b5-ab428888ff38" method="POST"><con:settings/><con:parameters/><con:representation type="REQUEST"><con:mediaType>application/x-www-form-urlencoded</con:mediaType><con:params/></con:representation><con:representation type="FAULT"><con:mediaType>text/html; charset=utf-8</con:mediaType><con:status>404</con:status><con:params/><con:element>html</con:element></con:representation><con:request name="Request 1" id="e74e9a63-8ee3-4e56-8704-caf727776982" mediaType="application/x-www-form-urlencoded" postQueryString="false"><con:settings><con:setting id="com.eviware.soapui.impl.wsdl.WsdlRequest@request-headers">&lt;xml-fragment/></con:setting></con:settings><con:endpoint>http://localhost:3000</con:endpoint><con:request>grant_type=password&amp;username=Faye&amp;password=Faye&amp;email=Faye@me.com</con:request><con:originalUri>http://localhost/auth/api/register</con:originalUri><con:credentials><con:authType>No Authorization</con:authType></con:credentials><con:jmsConfig JMSDeliveryMode="PERSISTENT"/><con:jmsPropertyConfig/><con:parameters/></con:request></con:method></con:resource></con:resource></con:interface><con:properties/><con:wssContainer/><con:oAuth2ProfileContainer/><con:oAuth1ProfileContainer/><con:sensitiveInformation/></con:soapui-project>